,hotel,clean,comfort,location,services,staff,value,wifi
0,ukraine.uk.html,8.1,9.6,7.7,7.3,7.9,7.7,8.2
1,verhovina.uk.html,7.9,7.4,7.8,7.7,8.1,8.4,8.1
2,fire-inn.uk.html,8.0,8.9,7.5,7.6,8.2,7.8,7.2
3,smart-house-kyiv1234567891011.uk.html,8.9,8.0,8.7,8.7,8.7,8.7,
4,express-hotel-kiev.uk.html,7.5,8.7,7.2,7.0,8.0,7.3,7.0
5,bakkara.uk.html,8.6,8.5,8.2,8.1,8.7,7.9,8.1
6,zhuliani-siti-zhuliany-city-kyiv.uk.html,7.9,7.1,7.6,7.4,8.3,7.6,3.8
7,tourist-complex-kyiv-365.uk.html,9.4,8.4,9.3,9.2,9.2,9.3,8.7
8,d-d3-4nd-dd-d-d1-4d-d-do-dndud-n.uk.html,7.7,8.5,7.6,7.4,7.8,7.4,8.0
9,bee-station.uk.html,8.4,7.0,8.3,8.4,8.7,8.7,8.2
10,ibis-kiev-railway-station.uk.html,9.4,9.2,9.0,8.9,9.2,8.4,8.9
11,aleksandria.uk.html,8.0,8.3,7.9,8.0,8.3,8.1,8.7
12,suit-mini.uk.html,6.7,7.8,5.7,6.1,7.3,6.3,7.8
13,nika-kiev.uk.html,8.1,7.9,7.9,7.6,8.2,8.1,7.9
14,hotel-florida.uk.html,8.5,7.5,8.1,8.1,8.2,8.4,8.8
15,rus.uk.html,7.9,8.9,7.4,7.4,8.2,7.4,7.5
16,evropeyskiy.uk.html,8.4,9.2,7.8,7.8,8.4,8.2,7.6
17,ibis-kiev-shevchenko-boulevard.uk.html,8.9,8.7,8.3,8.2,9.0,8.0,8.6
18,kozatskiy.uk.html,7.2,9.5,6.6,6.4,7.4,6.8,7.2
19,hotel-nivki.uk.html,8.2,6.9,7.8,7.9,8.4,8.1,
20,lybid.uk.html,8.1,8.8,7.6,7.7,8.3,7.6,8.5
21,tourist-hotel.uk.html,7.9,8.6,7.3,7.3,8.2,7.7,7.4
22,best-aparts.uk.html,9.6,7.9,9.4,9.4,9.4,9.3,8.9
23,chyhorinskyi.uk.html,7.1,7.9,7.0,7.0,8.1,7.1,8.3
24,mini-otiel-kyiv.uk.html,6.2,7.9,5.9,5.9,7.4,6.5,8.2
25,mini-otiel-kyiv.uk.html,6.2,7.9,5.9,5.9,7.4,6.5,8.2
26,hotel-bratislava.uk.html,8.4,8.3,8.2,8.0,8.5,8.0,8.0
27,voshod-kiev.uk.html,8.3,7.5,8.0,8.0,8.4,8.2,7.9
28,zhuliani-siti-zhuliany-city-kyiv.uk.html,7.9,7.1,7.6,7.4,8.3,7.6,3.8
29,gostevoi-dom-na-ivana-svetlichnogo-6.uk.html,8.1,7.6,7.4,7.6,8.3,8.4,7.1
30,royal-city.uk.html,7.3,7.7,6.9,6.5,7.3,6.8,7.8
31,arena-summit-apart.uk.html,9.6,9.4,9.4,9.3,9.4,9.2,
32,mini-hotel-lukyanovski.uk.html,7.7,8.5,7.4,7.5,8.3,7.5,8.4
33,d-d3-4nd-dd-d-d1-4d-d-do-dndud-n.uk.html,7.7,8.5,7.6,7.4,7.8,7.4,8.0
34,gost-ovii-dim-sotni-kyiv12.uk.html,9.4,8.1,8.9,8.9,9.4,9.4,
35,gotel-kyiv.uk.html,7.8,8.6,8.0,7.7,8.7,8.1,6.3
36,artapart-vozdvigenka.uk.html,9.6,9.5,9.3,9.1,9.3,9.2,9.5
37,gotel-quot-t2-quot-kyiv.uk.html,8.5,7.5,7.9,7.8,8.4,8.1,8.2
38,hotel-darnitskiy.uk.html,7.4,7.1,6.6,7.1,7.7,6.5,5.8
39,goldengate-inn.uk.html,8.2,8.9,7.9,7.8,8.4,8.1,8.5
40,kievinn.uk.html,8.9,9.7,8.8,8.6,8.9,8.6,
41,petrani-nivki.uk.html,9.5,8.7,9.4,9.0,9.1,9.2,8.5
42,holosiyvsky.uk.html,7.3,7.5,6.5,6.5,7.3,6.8,6.2
43,z-apartments.uk.html,9.3,9.1,8.6,8.8,9.3,8.7,8.6
44,pokrovsky.uk.html,5.1,7.3,4.8,4.7,6.2,5.4,
45,orly-park.uk.html,9.3,8.5,9.2,9.2,9.0,8.9,8.1
46,iq.uk.html,9.0,8.3,8.5,8.4,8.9,8.5,8.4
47,luxury-apartments-kyiv12345.uk.html,9.3,9.1,9.1,9.1,8.8,8.8,10.0
48,predslava.uk.html,6.1,7.8,5.7,5.7,7.3,6.2,6.5
49,comfortable-apartment-on-saksahanskoho-59b.uk.html,6.5,8.2,5.9,6.1,7.1,6.5,7.2
50,pechersk-house.uk.html,7.9,7.8,6.8,6.9,7.6,7.3,8.1
51,theatre-apart.uk.html,7.7,9.2,7.6,7.3,7.8,7.6,8.2
52,abc-apartments-business-class.uk.html,9.4,8.5,9.0,8.8,9.1,9.0,9.0
53,lama-2.uk.html,8.7,7.7,8.2,8.3,9.0,8.7,8.9
54,mini-otiel-quot-na-lieninghradkie-quot.uk.html,8.2,7.5,7.7,7.8,8.5,8.2,8.3
55,nyvky-plaza-residence.uk.html,9.5,7.9,9.5,9.4,9.5,9.3,9.1
56,angel-komfort.uk.html,9.4,8.1,8.9,8.8,9.4,9.1,
57,mixed-used-d-omplex-royal-business-city.uk.html,6.8,7.5,6.4,6.2,6.9,6.7,7.2
58,lego.uk.html,8.5,8.1,8.3,8.3,8.9,8.5,8.6
59,royal-grand.uk.html,6.6,8.7,6.6,6.1,7.1,6.6,8.0
60,freedom-kiev.uk.html,7.0,6.4,6.6,6.5,7.5,7.3,7.7
61,hotel-lime.uk.html,8.3,7.3,7.9,7.8,8.8,7.9,7.3
62,complex-verhovina.uk.html,7.0,7.7,7.1,7.1,7.8,7.7,7.9
63,independence-mini.uk.html,7.3,9.1,6.7,6.3,7.8,6.3,
64,riviera-on-podol-boutique.uk.html,9.6,9.4,9.5,9.3,9.4,8.8,9.6
65,radisson-blu.uk.html,8.8,8.9,8.8,8.3,8.2,7.6,
66,khreschatyk.uk.html,8.9,9.6,8.5,8.3,8.5,7.7,8.7
67,aloft-kiev.uk.html,9.3,9.5,9.1,8.7,9.0,8.2,8.5
68,mini-skyhome.uk.html,8.0,7.6,7.5,7.7,8.2,7.7,8.4
69,skyhome-goloseevsky.uk.html,8.3,8.5,7.6,7.8,8.7,7.7,8.4
70,complex-druzhba.uk.html,7.7,8.1,6.9,6.9,7.9,7.1,7.1
71,ramada-encore-kiev.uk.html,9.2,7.8,9.1,9.0,9.3,8.7,8.9
72,amarant-urban.uk.html,8.4,7.3,8.4,7.8,7.3,7.5,
73,comfort.uk.html,8.7,8.9,8.1,8.0,8.7,7.9,7.9
74,heart-kiev-apartments.uk.html,8.7,9.3,8.1,8.1,8.8,8.3,9.0
75,ministerka-lake-house.uk.html,8.8,7.9,8.8,8.7,9.1,8.9,8.2
76,poznyaki.uk.html,9.3,8.8,9.0,8.9,9.1,9.0,8.9
77,delta.uk.html,8.8,7.8,8.1,8.2,8.6,8.3,9.3
78,flatrent-smarthouse.uk.html,8.4,7.4,8.4,8.2,8.4,8.3,8.7
79,mini-otel-na-kondratyuka-kiev.uk.html,8.8,7.6,8.7,8.3,9.0,8.7,8.4
80,hotel-mir-kiev.uk.html,8.3,8.6,7.6,7.5,7.9,8.1,6.0
81,villa-vita.uk.html,9.1,8.6,9.0,8.9,9.1,8.8,8.1
82,the-key.uk.html,8.9,9.2,8.9,8.6,8.6,8.8,
83,krakow.uk.html,7.8,7.8,7.2,7.5,7.9,7.7,7.9
84,golosievo.uk.html,9.5,9.2,9.3,9.2,9.3,8.6,9.1
85,dnd-n-ndod3-4ndud-n.uk.html,7.8,8.5,6.9,7.2,8.0,7.4,7.7
86,rozvazhalny-complex-galera.uk.html,8.5,8.1,8.3,8.3,8.6,8.0,8.7
87,opera.uk.html,9.4,8.8,9.2,9.0,9.5,8.4,8.9
88,complex-pans-ka-vtiha.uk.html,9.1,9.1,8.9,8.7,9.0,8.5,8.8
89,room-near-the-independence-square.uk.html,6.0,9.0,5.2,5.8,7.1,6.3,8.6
90,bursa-kyiv.uk.html,9.6,9.3,9.3,9.2,9.6,8.6,8.9
91,oberig.uk.html,9.1,8.5,8.7,8.6,9.1,8.4,8.1
92,city-holiday-resort-amp-spa.uk.html,9.3,7.1,9.0,8.8,8.8,8.3,8.8
93,grand-apartments.uk.html,9.3,9.6,9.1,9.0,9.0,9.1,9.2
94,westend-kiev.uk.html,9.0,8.7,8.3,8.2,9.1,8.5,7.9
95,hostel-non-stop.uk.html,8.2,8.9,7.4,7.5,7.9,8.2,8.0
96,city.uk.html,9.5,9.3,9.4,9.1,9.2,8.6,9.2
97,deluxe.uk.html,6.2,8.4,5.8,5.8,7.1,6.1,7.1
98,dnipro.uk.html,7.0,9.2,6.5,6.4,7.1,6.6,6.9
99,mini-on-kiev-downtown.uk.html,8.4,9.5,7.8,7.7,8.7,8.1,8.8
100,dizain-otel-road.uk.html,9.6,7.8,9.3,9.1,8.8,9.2,8.6
101,skyhome-na-nauky.uk.html,9.0,7.6,8.3,8.2,8.9,8.4,8.6
102,mini-otel-na-zhitomirskoi.uk.html,8.8,8.5,8.2,8.2,8.6,8.9,7.2
103,favor-sport-otel.uk.html,9.5,8.3,9.3,9.1,9.4,9.1,8.6
104,mini-ghotiel-na-diemiyivs-kii.uk.html,8.7,8.4,8.1,7.9,8.3,7.9,7.8
105,radisson-blu-kyiv-podil.uk.html,8.8,9.0,8.8,8.3,8.6,7.5,8.1
106,smart-apartment-kiev1.uk.html,9.1,8.3,8.5,8.4,8.9,8.5,9.3
107,natsionalny-hotel-kiev.uk.html,8.9,8.8,8.5,8.0,7.8,8.2,8.1
108,staro-hotel.uk.html,9.3,8.7,9.0,8.9,9.0,8.6,8.4
109,park-gotiel.uk.html,7.6,8.0,7.6,7.6,8.6,8.0,7.2
110,guest-residence.uk.html,8.8,8.4,8.0,7.8,8.1,7.7,8.7
111,new-quiet-place-in-kiev.uk.html,8.8,8.1,8.6,8.8,8.9,8.9,
112,royal-house-kyiv.uk.html,9.2,8.2,8.6,8.7,8.6,8.6,7.9
113,obolon.uk.html,7.3,8.5,7.1,7.0,7.8,6.9,6.3
114,zvezda.uk.html,7.5,6.9,6.8,6.8,7.8,7.6,7.0
115,elegant.uk.html,8.3,8.4,7.4,7.4,8.2,7.1,6.9
116,time.uk.html,8.9,7.9,8.3,8.4,8.7,8.4,8.3
117,fullhouse-vokzal-kyiv-1.uk.html,8.8,9.6,9.6,10.0,9.6,9.6,
118,shelter-kiyiv.uk.html,9.2,7.7,8.6,8.6,9.2,8.9,8.5
119,persian-palace-kiiev.uk.html,7.8,7.7,7.6,7.5,8.7,7.6,8.5
120,nadobu-roshe.uk.html,9.3,9.0,9.0,8.8,9.1,8.9,8.9
121,favor-park-otel.uk.html,9.5,8.1,9.5,9.3,9.3,9.1,8.9
122,podol-plaza.uk.html,8.6,8.7,8.0,7.8,8.3,7.5,6.9
123,barbaris.uk.html,7.6,7.8,7.0,7.0,7.8,7.4,7.1
124,hotel-avtokontinient.uk.html,6.5,6.2,6.1,6.1,7.5,6.6,6.9
125,andreevsky-guest-house-kyiv.uk.html,4.3,7.7,4.2,4.3,5.5,4.7,5.5
126,kozatskiy-on-antonova.uk.html,6.9,7.3,6.2,6.3,7.7,6.8,7.7
127,raziotel-kyiv-yamska.uk.html,9.3,8.1,8.6,8.5,8.6,8.2,8.8
128,mirrors-hotel.uk.html,9.7,9.7,9.5,9.3,9.6,8.6,9.3
129,attache.uk.html,8.6,8.3,8.2,7.8,8.7,7.7,8.8
130,hermitage-hotel.uk.html,9.6,9.2,9.2,8.9,9.5,8.7,9.3
131,black-sea.uk.html,7.9,7.6,7.5,7.3,8.2,7.4,8.1
132,cosmopolite.uk.html,9.2,8.1,8.9,8.8,8.9,8.3,8.7
133,president.uk.html,8.4,8.7,8.3,8.2,8.4,7.5,8.4
134,mountains-comfort-apartments.uk.html,9.1,8.7,9.0,9.1,9.6,9.1,
135,ecohostel-kiev.uk.html,9.1,9.0,8.3,8.3,9.3,8.7,8.4
136,greguar-apartmets.uk.html,9.4,9.3,9.1,8.9,9.5,8.6,9.2
137,siesta.uk.html,9.1,7.9,8.8,8.8,9.0,8.9,8.7
138,fregat.uk.html,7.3,8.1,7.3,7.2,7.8,7.4,7.6
139,premier-palace.uk.html,9.2,9.4,8.9,8.9,9.0,7.9,8.5
140,mackintosh.uk.html,9.2,8.8,8.6,8.5,9.1,8.4,9.0
141,gostinichnyi-komplieks-fortietsia.uk.html,8.9,8.8,9.0,8.9,9.4,8.7,6.8
142,adria.uk.html,8.4,9.0,7.9,7.9,8.6,7.9,7.6
143,autograph-hotel-kiev.uk.html,9.3,8.8,9.0,8.7,8.9,8.2,7.9
144,live-here.uk.html,9.5,9.7,9.1,9.0,9.5,8.8,9.3
145,maria-kiev.uk.html,9.8,8.7,9.7,9.6,9.9,9.5,8.8
146,comfort-kyiv12345678.uk.html,9.5,9.0,9.0,8.9,9.2,8.7,8.5
147,senator-apartments-executive-court.uk.html,9.4,8.4,9.1,8.9,9.5,8.8,9.0
148,bonapart.uk.html,9.3,8.4,9.0,8.8,9.2,8.5,8.6
149,bogdaniv-yar-hotel-kiev.uk.html,6.3,8.2,6.2,6.4,7.7,6.8,7.3
150,the-nest-by-innkiev.uk.html,8.2,7.5,8.4,8.3,8.4,8.3,
151,alabama.uk.html,7.9,8.9,7.8,7.7,8.6,8.4,9.1
152,visak.uk.html,8.4,8.5,8.3,7.9,8.1,7.6,7.6
153,kolyba-house.uk.html,9.1,8.4,8.9,8.9,9.3,9.2,7.5
154,otel-na-pecherske.uk.html,8.2,8.4,7.7,7.6,8.6,7.8,7.4
155,hostel-verhovina.uk.html,7.3,8.0,6.9,6.9,7.9,7.9,7.6
156,mta.uk.html,9.3,8.7,8.9,8.8,8.6,8.7,8.8
157,gonchar.uk.html,8.6,9.1,8.0,7.9,8.6,8.1,8.9
158,centrroomkiev.uk.html,10.0,10.0,9.5,10.0,10.0,9.5,
159,mango-kyiv.uk.html,6.8,6.7,6.6,6.6,7.8,6.9,6.0
160,nova.uk.html,8.5,5.8,8.0,8.1,8.8,8.1,8.8
161,onovo.uk.html,8.9,8.4,8.5,8.4,8.7,7.7,8.5
162,salute.uk.html,8.4,9.0,8.0,7.7,8.6,7.6,8.0
163,twin-apart.uk.html,9.0,8.5,8.9,8.7,9.2,8.6,9.0
164,ambassador-plaza.uk.html,8.6,6.8,8.3,8.2,8.7,8.3,8.4
165,dudman-podil-apartment.uk.html,9.6,9.6,9.6,9.3,9.9,9.4,9.8
166,pushcha-congress.uk.html,9.2,8.7,9.0,8.8,9.0,8.4,9.5
167,alaska.uk.html,7.8,8.0,7.5,7.8,8.2,8.2,9.1
168,luxury-apartments-arena-guliver.uk.html,9.3,9.4,9.5,9.4,8.9,9.4,
169,mega-city-kyiv1.uk.html,7.3,6.8,6.6,6.8,7.6,7.1,8.2
170,apart-basseynaya.uk.html,9.0,9.5,8.6,8.4,8.6,8.2,8.8
171,sky-view-kyiv-railway-station.uk.html,9.4,9.3,9.1,8.6,9.4,8.4,
172,sofievsky-posad.uk.html,9.4,8.2,9.2,9.1,9.4,8.9,9.1
173,summit-apart.uk.html,9.6,9.8,9.3,9.2,9.3,9.0,9.4
174,smart-house-smart-kvartira-s-kukhnei-vozle-metro.uk.html,9.4,7.7,8.7,9.0,8.8,9.0,
175,sherborne.uk.html,9.4,9.1,9.0,8.9,9.5,9.0,9.0
176,alaska-fox.uk.html,9.0,8.8,8.8,8.6,8.9,8.9,10.0
177,raziotel-kyiv.uk.html,9.1,8.3,8.5,8.5,8.9,8.6,8.9
178,asteri.uk.html,9.3,8.6,9.0,8.8,9.0,8.6,8.6
179,hostel-comfort.uk.html,8.8,6.2,8.2,8.3,9.0,8.6,8.2
180,obolon-sky.uk.html,9.1,9.0,8.6,8.8,9.1,8.3,9.6
181,vozdvyzhensky-boutique.uk.html,9.3,9.4,8.7,8.6,9.3,8.1,9.0
182,two-bedrooms-apartment-near-metro-pecherska.uk.html,8.1,8.8,8.6,8.4,9.0,8.4,
183,victorya.uk.html,8.0,7.1,7.7,7.8,8.4,7.8,7.5
184,hyatt-regency-kyiv.uk.html,9.3,9.4,9.1,9.0,9.1,7.4,7.3
185,mini-otele-luzhevskii.uk.html,7.0,6.9,6.8,6.9,8.6,7.6,7.5
186,hilton-kyiv.uk.html,9.4,8.9,9.2,9.0,9.0,7.8,8.9
187,city-park-kiev.uk.html,9.0,8.2,8.5,8.2,9.0,7.9,8.8
188,sunflower-b-amp-b.uk.html,9.3,9.6,8.7,8.4,9.4,8.4,9.0
189,partner-guest-house.uk.html,8.0,9.4,8.2,8.2,8.5,8.1,9.0
190,west-park.uk.html,9.4,7.7,9.0,8.9,9.2,9.0,8.4
191,otel-wow.uk.html,9.1,9.3,8.7,8.4,9.2,8.6,
192,mini-ghotiel-na-pozniakakh.uk.html,7.9,8.2,7.7,7.4,7.9,7.5,7.9
193,bogdan-hmelnytskyi.uk.html,7.1,8.7,7.2,6.9,8.1,7.9,7.3
194,andrieievskaia-mansarda.uk.html,8.3,8.8,7.7,7.3,7.7,7.5,
195,gotiel-quot-art-gotiel-quot.uk.html,6.5,7.2,6.5,6.5,8.0,6.9,8.0
196,trias.uk.html,8.9,8.1,8.3,8.3,8.8,8.9,8.3
197,fortetsya-hetman.uk.html,9.2,8.2,8.9,8.9,9.2,8.8,8.7
198,hostynnist.uk.html,6.5,6.6,6.6,6.4,7.7,6.7,5.6
199,sovskie-prudy.uk.html,7.9,7.2,7.8,7.5,8.5,7.7,8.5
200,tiso-aparthotel.uk.html,9.1,8.7,8.8,8.6,9.3,8.6,8.7
201,greenstyle.uk.html,8.5,7.7,7.9,7.8,8.6,8.7,8.4
202,stan-gret.uk.html,9.4,8.7,8.7,8.3,9.1,8.3,9.1
203,mini-seventh-heaven-on-shorsa.uk.html,9.6,9.3,9.2,9.2,9.6,8.9,9.1
204,adler-kiev.uk.html,6.7,7.0,6.5,6.7,7.7,7.2,7.9
205,mini-elegant.uk.html,8.5,8.4,7.1,7.8,8.2,6.6,
206,lavilia-kiev.uk.html,8.5,8.0,8.2,8.2,9.0,8.2,7.9
207,sunlake-osokorki.uk.html,8.0,6.3,7.8,7.5,8.5,7.8,7.2
208,secret-apartments.uk.html,9.3,9.5,8.9,9.1,9.0,8.8,
209,v-s-apart-central-plaza.uk.html,4.2,8.4,4.3,4.2,5.2,4.6,
210,senator-apartments-maidan.uk.html,9.5,9.7,9.4,9.0,9.3,8.6,8.6
211,campus-mta.uk.html,9.5,8.1,8.8,8.8,9.2,9.0,7.5
212,desna-kut.uk.html,7.1,7.0,6.8,6.9,7.9,7.4,7.5
213,gostinitsa-ekonom-klassa.uk.html,6.8,6.7,6.7,6.8,7.7,7.5,
214,apart-lake-apartments.uk.html,9.7,8.8,9.3,9.2,9.4,9.2,8.5
215,scandinavian-design-apartments.uk.html,9.5,9.6,9.1,9.1,9.3,8.8,9.2
216,and-recreation-complex-vikey.uk.html,8.4,7.0,8.3,8.1,8.3,8.1,8.7
217,the-thales-miletus-compact-in-kiev-teremki.uk.html,6.5,7.3,6.2,6.1,6.9,6.8,9.4
218,amarant-apart.uk.html,8.9,7.5,7.8,7.2,7.2,6.1,
219,manna.uk.html,9.6,9.4,9.1,9.0,9.4,8.4,9.1
220,karman-kyiv.uk.html,7.6,7.5,6.9,7.4,8.0,7.5,6.7
221,kiev-hotel-rock-wall.uk.html,6.9,7.4,7.0,6.8,7.6,7.0,6.1
222,dndud-n-dnndpd-ddeg.uk.html,7.6,7.5,6.5,6.4,7.5,6.9,5.6
223,mini-kropivnickogo.uk.html,8.9,9.4,8.3,8.1,8.7,8.4,8.7
224,amarant.uk.html,8.5,7.3,7.9,7.9,8.4,7.6,8.9
225,green-hotel.uk.html,7.0,6.4,6.7,6.7,7.9,7.1,8.2
226,seven-sky.uk.html,9.6,7.6,9.2,9.0,9.4,9.0,9.3
227,angel-s.uk.html,9.8,8.9,9.6,9.7,9.7,9.6,9.8
228,status-apartments-kiev.uk.html,8.5,9.0,8.3,8.0,8.4,7.6,8.6
229,crystal.uk.html,9.6,9.8,9.2,9.0,9.7,8.7,9.5
230,feofaniia-kiyiv.uk.html,5.8,7.3,5.5,5.5,7.9,6.3,7.9
231,bontiak.uk.html,8.7,9.2,8.3,7.8,8.6,7.6,8.5
232,diplomat.uk.html,8.7,8.8,8.4,7.9,7.8,8.1,
233,classic-kiev.uk.html,8.6,8.4,7.7,7.8,8.7,7.6,8.0
234,hotel-complex-kyiv.uk.html,7.2,8.6,6.7,6.6,7.8,6.9,7.1
235,impressa.uk.html,8.5,9.4,8.0,7.9,9.1,7.9,
236,faraon-kyiv.uk.html,8.7,7.7,8.1,8.2,8.7,8.3,9.0
237,adel.uk.html,6.2,5.5,5.8,6.1,7.8,6.5,6.3
238,villaninna.uk.html,9.2,8.4,8.9,8.7,9.3,8.7,8.9
239,sunday-apart.uk.html,8.9,9.6,8.3,8.2,8.9,8.5,8.9
240,incognito-boutique.uk.html,9.6,9.5,8.8,8.8,9.4,9.0,8.7
241,ineko.uk.html,6.7,7.3,6.4,6.6,8.1,6.9,6.7
242,malien-kaia-gavanna.uk.html,8.3,7.1,8.0,8.2,9.0,8.7,8.8
243,dnnddegnndod-d1.uk.html,8.6,6.9,8.4,8.2,9.0,8.5,6.5
244,gotiel-znannia.uk.html,7.5,8.6,7.0,6.9,8.1,7.5,6.7
245,kamelot-kiev.uk.html,9.0,8.6,8.7,8.5,9.1,8.1,8.3
246,plutarh-mini-gr-12.uk.html,4.8,6.5,4.8,4.6,6.0,5.2,4.8
247,gostinitsa-vg.uk.html,5.5,3.0,3.3,4.3,5.0,4.3,
248,domus-1.uk.html,8.3,8.6,7.6,7.7,8.6,7.4,8.5
249,nyvky-plaza.uk.html,7.7,6.8,7.4,7.2,7.5,7.1,7.7
250,borisfen.uk.html,8.1,8.0,7.4,7.6,8.6,7.9,8.8
251,dniproinn.uk.html,7.5,8.7,7.3,7.5,6.9,7.7,
252,apartment-on-clinical-st.uk.html,9.8,8.1,9.4,9.4,9.6,9.2,9.6
253,domashniy-uyut.uk.html,9.1,7.6,8.9,8.8,9.3,8.8,9.6
254,apartments-top-obolon.uk.html,8.6,8.9,8.3,8.5,9.2,8.9,7.5
255,de-paris-apartments.uk.html,10.0,9.8,10.0,9.8,9.8,9.8,
256,hostel-dvorets-ukrainy.uk.html,4.2,7.5,4.1,4.3,5.7,4.8,6.6
257,mini-hottey.uk.html,7.9,7.1,7.7,7.6,9.1,7.9,6.8
258,privat.uk.html,5.5,7.1,5.4,4.8,6.5,5.4,
259,nelli.uk.html,9.4,9.8,8.9,8.8,9.2,9.0,9.3
260,mini-otel.uk.html,9.3,6.8,8.8,8.6,9.0,9.1,8.8
261,confortable-room-in-an-apartment-near-center-of-kiev.uk.html,8.4,8.1,7.8,7.8,8.4,7.8,
262,mini-otiel-na-solom-quot-iantsi.uk.html,8.2,8.0,7.8,7.9,8.7,8.2,6.7
263,predslava-service.uk.html,9.3,9.1,8.9,8.9,9.5,8.8,8.3
264,guest-resort-in-smart-house.uk.html,9.3,8.5,9.3,9.0,8.5,9.0,
265,vs-apartments.uk.html,9.5,8.4,9.2,9.1,9.5,9.0,8.4
266,apartments-cityhotel.uk.html,9.9,8.9,9.9,9.7,9.7,9.2,8.3
267,fairmont-grand-kiev.uk.html,9.2,8.7,9.1,8.9,8.7,7.8,8.2
268,oselya.uk.html,9.3,8.0,9.1,9.0,9.4,8.7,9.2
269,intercontinental-kiev.uk.html,9.3,9.3,9.3,9.0,9.1,7.8,8.9
270,holiday-inn-kiev.uk.html,9.2,8.9,8.9,8.7,9.0,7.9,9.2
271,tov-quot-saliut-development-quot.uk.html,8.7,9.0,8.1,7.8,8.8,7.8,8.2
272,lomakin-kiev.uk.html,8.1,7.5,8.3,8.1,8.9,7.8,
273,apartments-sonya.uk.html,9.7,9.6,9.3,9.3,9.5,9.4,9.5
274,apart-otel-na-cherkasskoi.uk.html,9.8,8.7,9.8,9.8,9.9,9.9,7.5
275,nadobu-kiev-apart.uk.html,9.7,8.7,9.5,9.4,9.4,9.3,8.2
276,myslyvs-kyi-dvir.uk.html,8.0,8.2,8.0,7.9,8.3,7.6,8.8
277,congress-verhovina.uk.html,8.6,7.3,8.2,7.9,7.8,9.2,8.8
278,gintama.uk.html,8.6,9.2,7.7,7.5,9.0,7.6,8.2
279,gotel-tsentral-nogo-budinku-khudozhnika.uk.html,6.8,7.7,6.3,5.7,7.7,7.0,
280,ekaterina-velikaya.uk.html,8.4,7.8,8.3,8.2,8.4,8.0,8.6
281,chervona-kalina.uk.html,8.0,8.0,7.6,7.6,8.1,7.3,8.1
282,keep-room.uk.html,8.8,9.6,8.6,8.3,9.0,8.4,9.2
283,quot-adazhio-quot.uk.html,6.5,6.0,6.2,5.9,7.2,6.8,7.3
284,smart-house-smart-kvartira-s-kukhnei.uk.html,8.9,7.9,9.0,9.1,9.3,9.0,10.0
285,angel.uk.html,8.1,9.5,7.5,7.5,8.7,7.9,7.7
286,opera-center-apart.uk.html,9.3,9.2,8.9,8.8,9.2,8.8,9.1
287,ferenc-amp-restaurant.uk.html,9.6,9.6,9.3,9.1,9.3,8.9,9.0
288,fortuna-lviv.uk.html,8.9,7.9,8.1,8.3,8.9,8.6,8.4
289,urban.uk.html,8.6,7.8,7.7,7.8,8.9,8.0,8.6
290,taurus.uk.html,9.3,8.1,8.9,8.8,8.9,8.6,8.7
291,kryva-lypa.uk.html,9.2,9.7,8.6,8.5,9.2,9.0,8.2
292,sunny-l-39-viv.uk.html,9.5,8.8,9.1,9.0,9.6,9.1,9.2
293,aparthotel-na-mytniy-lviv2.uk.html,8.5,9.2,8.2,8.0,8.4,8.3,8.5
294,jam-hnatyuka.uk.html,9.0,9.7,8.4,8.5,9.5,8.7,9.2
295,otel-zlata.uk.html,7.8,7.6,7.5,7.3,8.3,8.1,5.6
296,hostel-sun.uk.html,7.4,9.4,7.2,7.2,7.8,8.0,7.4
297,blum.uk.html,9.2,9.6,8.6,8.6,9.4,8.9,9.0
298,mini-lion.uk.html,8.6,8.2,8.7,7.9,8.6,8.2,
299,danylo-inn.uk.html,9.4,9.8,8.9,8.9,9.2,8.9,8.7
300,tsisar.uk.html,8.1,8.8,7.5,7.7,8.9,8.1,8.2
301,mini-freedom-mercurius.uk.html,9.0,9.7,8.6,8.6,9.1,9.0,9.0
302,advenus.uk.html,8.8,8.2,8.4,8.3,8.7,8.6,8.6
303,el-mundo-apartments.uk.html,7.7,9.5,7.2,7.2,8.3,7.6,
304,cisar.uk.html,6.0,8.5,5.3,5.6,7.3,6.1,7.1
305,lemberg-elite-apartment.uk.html,7.0,9.2,6.7,6.9,7.9,7.5,7.9
306,na-ploshchi-rinok-l-39-viv.uk.html,9.2,9.7,9.0,8.8,8.4,8.7,8.2
307,polska-poduszka-na-franca.uk.html,8.8,8.8,8.7,8.7,9.2,8.8,8.8
308,three-crowns.uk.html,6.7,7.2,6.7,6.8,7.9,7.2,8.0
309,apart-antares.uk.html,9.3,9.3,8.9,8.7,9.3,8.6,8.2
310,sunny-l-39-viv.uk.html,9.5,8.8,9.1,9.0,9.6,9.1,9.2
311,delice.uk.html,8.5,8.4,8.3,8.1,8.5,8.1,8.2
312,kayser.uk.html,7.0,8.8,6.8,6.8,7.7,7.1,7.7
313,budget-ekotel.uk.html,7.7,8.0,7.6,7.7,8.9,8.5,8.5
314,cisar-bankir.uk.html,6.3,8.5,5.8,6.0,7.7,6.4,7.0
315,ibis-styles-lviv-center.uk.html,9.2,9.5,8.9,8.8,9.2,8.6,8.8
316,central-mini.uk.html,9.0,9.8,8.8,8.8,9.4,8.7,8.8
317,chaplin-l-39-viv.uk.html,7.6,8.7,7.0,7.0,8.3,7.3,7.9
318,mini-hotel-under-the-roof.uk.html,9.2,9.4,8.5,8.3,8.9,8.9,8.6
319,minihotel-freedom-lviv2.uk.html,8.7,9.6,8.5,8.6,9.3,9.0,8.9
320,art-avenue-apart.uk.html,7.9,7.1,7.8,7.8,8.4,8.4,8.6
321,orange.uk.html,8.3,7.6,8.0,8.0,8.5,8.3,8.0
322,and-restaurant-pysanka.uk.html,8.9,7.5,8.5,8.5,9.0,8.5,8.8
323,atlas-deluxe.uk.html,9.4,9.5,9.2,9.1,9.4,8.7,9.0
324,pivdenniy.uk.html,9.1,8.8,9.0,8.9,9.2,9.1,9.2
325,ramada-lviv.uk.html,9.0,7.7,8.7,8.7,9.0,8.5,8.4
326,taurus-city.uk.html,9.7,8.6,9.5,9.4,9.4,9.0,9.1
327,panska-gora.uk.html,9.4,8.7,9.1,9.2,9.3,8.9,8.7
328,one-eight.uk.html,7.8,8.1,7.6,7.7,8.7,8.3,7.9
329,etyud.uk.html,8.9,9.0,8.3,8.3,8.9,8.4,8.2
330,otiel-dolinskii.uk.html,8.9,8.0,7.8,7.9,8.9,8.3,8.7
331,lc-apartments.uk.html,8.8,9.3,8.2,8.3,9.4,8.6,8.7
332,code-10-viv.uk.html,9.7,8.8,9.7,9.6,9.8,9.5,9.0
333,gruner.uk.html,9.7,9.6,9.7,9.5,9.5,9.3,10.0
334,rius.uk.html,9.3,9.7,9.2,8.8,9.2,8.5,9.1
335,gotel-gelikon.uk.html,6.5,6.6,6.2,6.2,7.9,6.9,
336,coin-l-39-viv.uk.html,8.6,7.4,8.0,8.0,8.8,8.2,8.2
337,compass-apart.uk.html,7.3,9.4,6.9,6.9,7.5,7.0,7.8
338,prestige.uk.html,8.0,8.5,8.1,8.1,8.7,8.4,
339,fortress.uk.html,8.5,7.4,8.3,8.2,8.7,8.5,8.5
340,bank.uk.html,9.7,9.6,9.6,9.4,9.7,9.1,8.8
341,university-centre.uk.html,9.2,8.5,9.0,8.9,9.1,9.0,8.8
342,merkuriy.uk.html,8.3,7.5,8.3,8.3,9.1,8.5,8.2
343,palma.uk.html,7.8,5.9,7.8,7.7,8.4,8.3,7.9
344,modern-art.uk.html,9.3,9.5,9.0,8.8,9.0,8.7,8.1
345,hotel-status-lviv.uk.html,9.4,8.4,9.0,9.1,9.4,9.2,8.2
346,10rooms-apartments.uk.html,9.3,8.9,8.9,8.9,9.2,8.9,8.8
347,mini-ghotiel-quot-snukier-quot.uk.html,8.8,7.2,8.6,8.7,8.9,8.8,8.3
348,vip-hostel-l-39-viv.uk.html,9.6,9.8,9.3,9.3,9.4,9.2,9.0
349,viena.uk.html,9.0,9.7,8.2,8.1,9.0,8.3,8.2
350,sherlock-holmes-boutique.uk.html,9.6,9.4,9.3,9.2,9.7,9.0,
351,lviv-loft-apartments.uk.html,8.7,9.6,8.2,8.3,8.7,8.6,9.0
352,vlasta-lviv.uk.html,6.5,7.1,6.0,6.0,7.6,7.0,5.4
353,st-feder.uk.html,9.1,9.5,8.7,8.7,9.1,8.4,9.0
354,hostel-travel.uk.html,7.7,7.4,7.0,7.3,8.3,7.7,8.4
355,lh-amp-spa.uk.html,9.0,8.4,8.9,8.7,9.0,8.1,8.6
356,opera-passage-apartments.uk.html,9.5,9.8,9.0,9.2,9.5,8.9,8.8
357,stariy-krakiv.uk.html,8.3,9.0,7.6,7.8,8.7,7.9,6.7
358,boutique-hotel-family-residence.uk.html,9.3,9.5,8.8,8.8,9.3,8.7,9.2
359,gotel-quot-rafael-quot-selo-zubra.uk.html,9.7,9.1,9.6,9.5,9.6,9.4,9.5
360,hotel-lviv.uk.html,7.9,9.3,7.7,7.6,8.0,7.4,8.3
361,panska-podushka.uk.html,8.7,9.1,8.3,8.4,9.1,8.6,9.2
362,chopin.uk.html,9.5,9.6,9.2,9.1,9.6,8.8,8.6
363,galicia-hotel.uk.html,6.3,6.5,5.9,5.9,7.5,6.5,3.8
364,reikartz-dworzec-lviv.uk.html,8.8,8.3,8.2,8.2,8.9,7.8,8.6
365,medova-pechera.uk.html,8.1,6.5,7.8,7.6,7.8,8.0,6.4
366,etna-hotel.uk.html,8.7,7.3,8.1,8.0,8.8,8.0,8.5
367,quot-kraft-quot-butic-apart.uk.html,7.4,9.0,7.0,7.1,7.2,7.3,7.5
368,cities-gallery-apart.uk.html,9.6,9.8,9.2,9.1,9.4,9.2,
369,deluxe-kupava.uk.html,8.7,7.5,8.5,8.4,8.7,8.4,8.8
370,british-club-lviv.uk.html,9.4,9.7,9.2,9.0,9.6,9.0,8.6
371,nobilis.uk.html,9.5,9.4,9.2,9.0,9.3,8.6,9.2
372,villa-stanislavskyi.uk.html,9.8,8.7,9.7,9.5,9.9,9.4,9.4
373,swiss.uk.html,9.5,9.7,9.2,9.1,9.4,8.6,9.0
374,lviv-tsymus.uk.html,9.0,9.0,8.5,8.6,9.3,8.9,8.5
375,panorama-lviv.uk.html,9.1,9.8,9.0,8.8,9.0,8.3,9.1
376,grand-lviv.uk.html,9.5,9.8,9.3,9.2,9.1,8.7,9.3
377,jam.uk.html,8.8,9.6,8.1,8.3,9.5,8.7,9.0
378,sykhiv.uk.html,9.0,7.8,8.8,8.8,9.1,8.7,9.0
379,astoria-lviv.uk.html,9.4,9.5,9.2,9.1,9.4,8.6,8.9
380,caferoomshostel.uk.html,8.2,9.6,7.8,7.6,8.7,8.3,8.4
381,discovery-b-amp-b.uk.html,8.8,8.4,8.2,8.2,8.8,8.4,9.0
382,kopa.uk.html,8.1,8.1,7.9,8.1,8.6,7.9,7.8
383,patriarshyi.uk.html,9.5,8.5,9.2,8.9,9.4,9.2,9.0
384,argo.uk.html,8.3,6.9,8.0,7.9,8.5,8.1,8.3
385,39.uk.html,8.8,9.8,8.4,8.2,9.2,8.4,8.8
386,boutique-hotel-kavalier.uk.html,9.6,8.2,9.3,9.2,9.0,8.9,9.0
387,apart-horowitz.uk.html,9.8,9.9,9.5,9.4,9.5,9.1,9.1
388,ekran.uk.html,7.1,7.5,6.6,6.4,7.9,6.9,7.1
389,leopolis.uk.html,9.5,9.8,9.3,9.0,9.4,8.4,9.3
390,drevny-grad.uk.html,8.7,8.9,8.6,8.5,8.8,7.9,8.4
391,hetman-hotel.uk.html,7.3,7.0,6.8,6.7,7.5,7.1,5.8
392,eney.uk.html,8.6,8.3,8.1,8.1,8.8,7.7,8.8
393,galytska-korona.uk.html,8.9,8.5,8.5,8.5,9.0,8.6,8.6
394,malva-viv.uk.html,8.7,7.1,8.1,8.1,8.8,7.8,7.5
395,6-vulitsia-tadeusha-kostiushka.uk.html,9.8,9.8,9.5,9.5,9.6,9.6,
396,george.uk.html,8.7,9.8,8.1,8.0,9.3,8.3,8.8
397,old-lviv.uk.html,9.2,9.6,8.4,8.3,9.1,8.3,7.9
398,suputnik.uk.html,7.0,7.2,6.8,7.0,7.8,6.9,8.3
399,nota-bene.uk.html,9.4,8.2,9.1,9.0,9.2,8.7,8.6
400,kvartira-studiia-l-39-viv1.uk.html,9.6,9.0,9.1,9.2,9.4,9.1,9.0
401,eurohotel.uk.html,8.8,8.6,8.5,8.5,8.6,8.1,8.5
402,viden.uk.html,8.4,7.7,8.0,8.2,8.6,8.3,
403,vip-hostel.uk.html,9.7,9.5,9.2,9.2,9.2,9.3,10.0
404,gr.uk.html,9.8,8.3,9.7,9.4,9.6,9.5,
405,irena.uk.html,9.0,8.1,8.8,8.6,8.8,8.5,8.9
406,nota-bene-loft.uk.html,9.6,8.7,9.5,9.0,9.5,9.1,9.4
407,mars.uk.html,7.9,7.6,7.8,7.7,8.4,7.9,8.1
408,rover.uk.html,9.8,8.5,9.7,9.3,9.5,9.6,
409,lviv-loft-construction.uk.html,8.2,9.0,7.4,7.7,8.7,8.3,9.4
410,mini-podobovo.uk.html,7.8,9.0,7.3,7.5,8.5,7.7,8.5
411,aparthotel-four-rooms-lviv2.uk.html,9.3,9.5,9.0,9.1,9.4,9.0,8.9
412,warsaw.uk.html,8.0,7.6,7.6,7.5,8.3,7.6,7.2
413,sleep.uk.html,7.3,6.7,6.7,6.8,7.8,7.2,7.2
414,old-castle.uk.html,7.1,5.8,5.8,6.3,7.5,6.6,7.3
415,apartment-fedkovycha.uk.html,8.2,8.4,8.2,8.3,9.1,8.2,8.3
416,near-the-lake.uk.html,8.9,7.8,8.5,8.6,9.1,8.8,7.5
417,art-deco-central-rooms.uk.html,9.7,9.6,9.1,9.2,9.7,9.1,9.8
418,avtopark.uk.html,9.1,7.9,8.3,8.4,9.0,8.7,7.8
419,nton.uk.html,7.6,6.5,7.4,7.4,7.9,7.5,7.9
420,dnister.uk.html,9.0,8.9,8.7,8.6,8.8,8.0,8.3
421,bilya-parku.uk.html,6.8,4.6,6.3,6.4,7.6,7.4,
422,mini-rafinad.uk.html,9.7,8.8,9.4,9.5,9.7,9.6,8.3
423,motel-galits-ka-korona.uk.html,7.2,7.8,6.9,7.2,7.5,5.9,
424,edem.uk.html,9.4,8.7,9.0,8.9,9.5,8.8,8.3
425,rudolfo.uk.html,9.5,9.8,9.2,9.2,9.2,8.7,9.0
426,apartlviv.uk.html,9.8,9.8,9.7,9.6,9.8,9.6,9.8
427,leon.uk.html,8.9,6.3,8.4,7.9,8.7,8.0,9.0
428,palada-hotel.uk.html,8.1,6.7,7.8,7.5,8.2,7.8,6.8
429,vatra.uk.html,6.5,7.8,5.7,5.8,7.5,6.1,6.1
430,dd3-4ndud-n-ddud3-4ndud-n.uk.html,8.8,8.7,8.2,8.2,9.2,8.5,8.6
431,natalia-18.uk.html,9.2,9.7,8.6,8.6,9.3,8.5,8.8
432,valentyna.uk.html,8.8,8.0,9.0,8.8,9.0,9.0,
433,reikartz-medievale-lviv.uk.html,9.1,9.8,8.6,8.5,9.2,8.2,9.2
434,tri-doroghi.uk.html,7.8,8.0,7.7,7.5,8.6,7.9,6.3
435,nadobu.uk.html,9.6,9.7,9.3,9.3,9.5,9.3,9.7
436,bumerang.uk.html,6.4,5.5,6.3,6.6,7.9,7.1,6.6
437,cassiopeia.uk.html,5.2,4.9,5.5,4.6,5.7,4.7,
438,argo-premium.uk.html,8.5,6.7,8.1,8.0,8.4,8.2,8.2
439,quarter-25.uk.html,9.9,10.0,9.9,9.8,9.9,9.6,8.8
440,rayske-yabloko.uk.html,9.2,8.1,8.9,8.7,8.8,8.8,8.3
441,masoch-amp-cafe.uk.html,9.0,10.0,8.8,8.5,9.0,7.9,
442,sacvoyage.uk.html,9.5,8.4,9.0,8.9,9.6,8.8,9.0
443,studiia-viv.uk.html,9.7,9.3,9.7,9.9,9.8,9.6,10.0
444,10-rooms.uk.html,8.5,8.9,8.0,8.1,8.9,8.6,7.3
445,citadel-inn-resort.uk.html,9.6,8.8,9.3,9.1,9.6,8.7,9.0
446,volter.uk.html,7.2,6.7,7.3,7.4,7.6,6.8,8.3
447,vintage-boutique.uk.html,9.5,9.6,9.2,9.1,9.6,8.6,8.4
448,eco-grill-restaurant-aquarius.uk.html,8.0,7.6,7.9,7.9,8.6,8.0,6.6
449,vivs-ke-peredmistia.uk.html,7.7,6.9,7.9,7.5,7.9,8.0,
450,tourist-lviv.uk.html,6.8,7.3,6.3,6.4,8.2,6.7,7.5
451,batori.uk.html,9.5,7.7,9.2,9.2,9.2,8.9,7.9
452,apartment-on-pekarska.uk.html,8.4,7.8,7.4,7.6,8.4,7.1,8.8
453,porto-franco.uk.html,8.8,8.1,8.4,8.5,8.8,8.5,8.7
454,pervachok.uk.html,9.1,9.5,9.0,8.9,9.4,9.0,9.4
455,potemkinn.uk.html,9.4,9.6,9.1,8.9,9.4,9.0,9.1
456,nebo.uk.html,9.6,9.1,9.4,9.2,9.5,9.4,9.1
457,m1-club.uk.html,9.5,9.3,9.3,9.2,9.3,8.3,9.0
458,apart-mishell-odesa.uk.html,9.1,9.6,9.2,9.0,9.0,9.0,9.2
459,alex-odessa.uk.html,8.6,8.1,8.4,8.3,8.7,8.5,7.8
460,jupiter.uk.html,9.9,9.6,9.7,9.8,9.7,9.9,
461,wall-street.uk.html,9.6,9.7,9.3,9.1,9.4,9.0,9.2
462,city-apartments-on-ekaterininskoy.uk.html,8.9,9.6,8.6,8.6,9.3,8.7,8.5
463,zebra-hostel.uk.html,6.1,8.9,6.2,6.1,7.2,6.9,6.0
464,atrium-odessa.uk.html,7.7,9.5,8.0,8.0,8.7,8.5,7.8
465,frapolli-21.uk.html,9.6,9.4,9.4,9.4,9.5,9.4,9.5
466,vintage-na-bulvare.uk.html,9.2,8.9,9.1,8.9,8.9,9.0,8.8
467,deribas.uk.html,8.7,9.7,8.3,8.3,9.1,8.4,9.3
468,cowboy.uk.html,7.9,8.9,7.5,7.9,8.0,8.3,8.3
469,palais-royal.uk.html,9.2,9.8,8.6,8.6,9.2,8.6,8.2
470,kolibri.uk.html,9.1,8.6,8.8,8.9,9.3,9.1,9.0
471,horizon.uk.html,9.3,9.3,9.2,9.0,9.4,9.2,9.5
472,wine-amp-pillow.uk.html,9.6,9.9,9.3,9.0,9.5,9.1,9.3
473,londonskaya.uk.html,8.5,9.6,8.0,8.0,8.6,8.0,8.8
474,continental-business.uk.html,9.2,9.6,8.8,8.5,9.1,8.7,8.6
475,resort-geneva.uk.html,9.2,8.8,8.9,8.9,9.3,8.9,9.2
476,odessa-central.uk.html,7.4,9.2,6.7,6.9,8.4,7.6,
477,arkadiya-house.uk.html,9.1,9.5,9.5,9.1,9.5,9.5,
478,wall-street.uk.html,9.6,9.7,9.3,9.1,9.4,9.0,9.2
479,boutique-dacha-lanjeron.uk.html,9.2,9.7,9.2,8.9,9.3,9.2,
480,wellotel.uk.html,8.5,9.2,8.3,8.0,8.2,8.5,9.0
481,city-apartments-on-ekaterininskoy.uk.html,8.9,9.6,8.6,8.6,9.3,8.7,8.5
482,bol-shaia-komnata-odessa-ukreine.uk.html,8.0,9.0,7.7,7.7,8.4,8.4,8.3
483,voyage-odesa.uk.html,9.7,9.3,9.4,9.1,9.4,9.2,9.4
484,old-odessa.uk.html,9.8,8.8,9.3,9.3,9.7,9.6,
485,bristol.uk.html,9.4,9.5,9.1,9.0,9.2,8.8,8.6
486,city-bortoli.uk.html,9.4,9.1,9.1,9.1,9.5,9.1,9.0
487,milano.uk.html,9.2,9.5,8.8,8.6,8.5,8.5,8.5
488,mlvn-tl.uk.html,9.0,9.1,8.7,8.7,9.0,8.7,9.1
489,ok-odessa.uk.html,7.5,8.9,7.3,7.3,7.9,7.5,7.5
490,ekaterina-2.uk.html,9.1,9.7,8.8,8.8,9.3,9.0,9.1
491,klumba-2.uk.html,8.7,8.6,8.5,8.4,8.8,8.6,8.3
492,i-arkadia.uk.html,9.1,8.7,9.0,8.7,8.6,9.0,8.5
493,donald.uk.html,9.4,9.8,9.2,9.0,9.4,9.5,8.8
494,october.uk.html,7.6,8.9,7.6,7.1,8.4,7.8,
495,arcadia-gold-apartments.uk.html,9.5,8.9,9.5,9.2,9.4,8.9,
496,galian.uk.html,7.9,7.0,7.5,7.5,7.9,7.7,7.9
497,grecheskiy.uk.html,9.1,9.7,9.0,8.9,9.1,9.0,9.2
498,iarcadia-city-garden.uk.html,9.7,9.6,9.4,9.2,9.6,9.2,9.0
499,poet-art.uk.html,9.1,9.5,8.7,8.8,9.4,8.9,9.1
500,metro-apartments.uk.html,8.8,9.4,8.4,8.2,8.4,8.2,8.2
501,oazis.uk.html,8.3,8.0,8.4,8.5,8.7,8.9,8.5
502,arkadia-plaza.uk.html,9.2,9.6,9.0,8.7,9.0,8.8,9.0
503,bossfor.uk.html,9.6,9.0,9.6,9.3,9.6,9.3,9.1
504,black-sea-park-shevchenko.uk.html,8.4,8.7,8.2,8.0,8.3,8.1,8.3
505,mozart.uk.html,8.2,9.6,7.8,7.7,8.4,7.8,8.3
506,e4.uk.html,9.4,9.6,9.1,9.1,9.3,9.0,
507,aparthotel-amerikano.uk.html,9.2,9.6,8.9,8.8,9.4,8.8,9.2
508,columbus.uk.html,8.6,8.5,8.5,8.2,9.3,8.9,7.5
509,geneva-park.uk.html,8.8,8.7,8.3,8.3,8.9,8.4,8.6
510,de-volan-boutique.uk.html,9.6,8.5,9.3,9.2,9.5,9.2,9.0
511,kleopatra.uk.html,6.0,8.8,6.1,6.0,7.1,6.7,6.9
512,design-skopeli.uk.html,9.1,9.7,9.1,8.9,8.9,8.8,9.1
513,sorriento.uk.html,9.3,9.3,9.1,8.8,9.1,8.8,9.1
514,shalsnda.uk.html,9.6,9.6,9.0,9.0,9.7,9.1,9.2
515,dyuk.uk.html,9.5,9.7,9.2,9.1,9.3,8.9,9.2
516,odessa-comfort-house.uk.html,8.9,9.1,8.8,8.8,9.2,8.9,9.1
517,apart-menshikov.uk.html,8.3,9.4,8.4,8.2,8.3,8.6,8.8
518,nor-kyank-novaia-zhizn.uk.html,8.7,8.2,9.0,9.0,9.0,9.0,
519,ekaterina.uk.html,8.3,9.4,8.0,7.8,8.6,8.1,9.0
520,gagarinn.uk.html,8.6,9.1,8.3,8.2,8.4,8.0,8.1
521,blaz.uk.html,7.2,6.9,7.4,7.4,8.4,7.9,7.6
522,quot-komnaty-i-slukhi-quot-rok-appartamienty-v-odiessie.uk.html,9.9,8.8,9.8,9.8,9.9,9.6,9.8
523,royal-street.uk.html,9.1,9.7,8.9,8.5,9.1,8.7,8.8
524,geneva-city.uk.html,9.5,9.4,9.3,9.1,9.5,9.1,9.3
525,georg-city.uk.html,8.9,9.8,8.3,8.4,9.1,8.7,9.0
526,zenith.uk.html,7.4,8.2,6.6,6.9,7.6,6.9,7.6
527,alarus.uk.html,9.4,8.7,8.9,8.9,9.4,8.8,9.2
528,apartment-8.uk.html,10.0,9.9,9.9,9.9,9.9,9.8,
529,apartments-alexandrina.uk.html,9.3,9.2,9.4,9.1,9.1,9.2,8.5
530,orange-odessa.uk.html,9.0,9.0,8.3,8.4,8.8,8.4,8.9
531,palma-odessa.uk.html,8.2,9.4,8.1,7.7,8.6,8.1,9.0
532,marlin.uk.html,9.2,9.0,9.0,8.8,8.9,8.8,9.0
533,artblock-apartments.uk.html,9.6,9.4,9.5,9.3,9.7,9.3,9.0
534,privathotel.uk.html,8.9,9.4,9.0,8.7,9.5,8.8,
535,aleksandrovskiy.uk.html,9.5,9.5,9.2,9.1,9.4,8.9,9.0
536,breeze-odiessa.uk.html,8.5,7.9,8.2,8.1,8.0,8.5,8.3
537,pearl.uk.html,9.5,9.0,9.3,9.2,9.5,9.3,8.9
538,likehome-apartment-koblevs-39-ka.uk.html,8.9,9.4,8.4,8.4,8.9,8.5,9.0
539,otel-grand-otrada.uk.html,9.7,9.1,9.5,9.2,9.6,8.8,9.4
540,atlantic-garden-resort.uk.html,8.4,8.2,8.0,7.5,7.3,7.0,8.6
541,queen-opera.uk.html,9.2,9.8,8.8,8.4,9.1,9.1,
542,corona-apart.uk.html,8.8,9.1,8.7,8.6,9.0,8.5,8.2
543,guest-house-monreal.uk.html,9.0,8.0,8.8,8.9,9.0,9.0,8.3
544,loft-hostel.uk.html,8.6,9.6,7.9,8.2,9.2,8.5,8.3
545,vintage-odessa3.uk.html,9.3,9.3,9.0,8.8,9.4,9.0,9.3
546,semeinyi-mini-otel-liustdorf.uk.html,9.5,9.3,9.7,9.7,9.7,9.6,
547,minihotel-next-to-deribasivska.uk.html,8.7,10.0,9.6,9.1,9.6,9.7,
548,shato-luxe.uk.html,9.4,9.7,9.2,8.9,9.2,8.9,8.6
549,otiel-fiuzhn.uk.html,9.5,8.8,9.1,8.9,9.1,8.9,8.5
550,villa-sofia-odessa.uk.html,9.0,8.9,9.2,8.8,8.9,8.5,7.0
551,odesskiy-dvorik.uk.html,8.6,8.7,8.0,8.1,8.7,8.0,8.6
552,de-paris-odessa-mgallery-by-sofitel.uk.html,9.7,9.8,9.6,9.2,9.4,8.8,9.6
553,apart-ribas.uk.html,9.6,9.8,9.3,9.2,9.6,9.4,8.9
554,kaliforniya.uk.html,8.9,8.9,8.5,8.1,8.6,8.2,8.9
555,zirka-odessa.uk.html,5.7,7.8,5.0,5.3,6.5,6.0,6.3
556,greendoor-arcadia.uk.html,9.7,9.7,9.7,9.4,9.7,9.3,
557,black-sea-panteleymonovskaya-odessa.uk.html,8.7,8.9,8.1,8.0,8.5,7.9,8.5
558,amsterdam.uk.html,9.4,9.8,9.1,9.0,9.2,8.9,9.0
559,kvartal-do-deribasovskoi.uk.html,9.2,9.7,9.0,8.9,8.8,9.0,9.3
560,reno.uk.html,8.2,9.5,7.7,7.7,8.8,7.7,8.2
561,art-suites-on-deribasovskaya-10-odesa123.uk.html,9.6,9.9,9.4,9.5,9.6,9.6,9.7
562,12-th-floor-odessa.uk.html,9.5,9.3,9.4,9.1,9.4,9.1,8.9
563,apart-poseydon.uk.html,8.6,8.4,8.5,8.4,9.0,8.2,7.1
564,maristella-club.uk.html,8.5,8.4,8.6,8.4,8.5,7.9,7.5
565,morskoy.uk.html,8.6,9.3,8.1,8.2,8.7,8.1,8.0
566,otrada.uk.html,9.5,8.8,9.2,9.1,9.3,8.7,8.8
567,panorama-de-lux.uk.html,9.6,9.0,9.5,9.4,9.5,8.7,9.2
568,portofino.uk.html,8.5,8.9,8.0,7.9,8.0,6.9,7.2
569,villa-le-premier.uk.html,9.2,8.3,9.0,8.6,8.7,8.3,9.2
570,club-miami-arkadia-odesa.uk.html,9.5,9.6,9.6,9.4,9.4,9.5,9.5
571,geneva-apart.uk.html,9.4,9.8,8.9,8.7,9.3,9.0,7.6
572,uliss.uk.html,8.4,8.2,8.0,8.0,9.1,7.9,10.0
573,arcadiasky.uk.html,9.7,9.8,9.7,9.6,9.7,9.6,9.4
574,happy-cat.uk.html,9.3,9.3,9.0,8.9,9.3,9.1,8.9
575,continental-apartments.uk.html,9.1,9.5,8.7,8.6,9.3,8.6,8.5
576,arnautskiy.uk.html,8.2,8.6,7.9,7.6,8.5,7.8,8.7
577,hotel-vele-rosse-business-and-leisure.uk.html,9.0,8.3,8.8,8.7,8.9,8.5,8.0
578,excelsior.uk.html,9.0,7.9,8.9,8.2,8.2,7.9,9.4
579,mini-people.uk.html,9.4,8.9,9.1,9.1,9.5,8.9,8.1
580,apart-kholl-rishiel-ie.uk.html,8.7,9.3,8.8,8.8,9.2,8.8,9.3
581,apart-on-24-preobrajenskaya-street.uk.html,8.0,9.6,8.7,8.5,8.9,8.7,8.4
582,0482-odesa.uk.html,9.6,9.8,9.1,9.3,9.3,9.3,10.0
583,ayvazovsky.uk.html,9.4,9.7,9.1,8.9,9.3,9.0,8.7
584,the-rooms-apart.uk.html,9.8,9.7,9.8,9.7,9.7,9.5,7.5
585,apartments-cristal.uk.html,6.4,8.4,5.5,6.0,7.1,6.1,8.1
586,palladium.uk.html,7.5,7.2,6.9,6.7,7.2,6.6,7.8
587,boutique-palmira.uk.html,8.5,9.2,8.6,8.4,8.7,8.7,8.1
588,oreanda-odessa.uk.html,8.8,9.8,8.7,8.2,8.7,8.3,9.1
589,lucky-ship-art.uk.html,9.7,9.7,9.2,9.2,9.5,9.2,9.5
590,spokoinoi-nochi.uk.html,7.8,6.4,8.0,7.9,8.5,8.6,7.2
591,chastnye-apartamenty-odesa1.uk.html,10.0,9.0,9.5,9.5,10.0,9.0,
592,centerodessarent.uk.html,9.2,9.2,8.8,8.7,9.3,8.5,
593,good-night.uk.html,9.3,9.1,8.7,8.6,9.1,8.9,9.4
594,boomerang-business.uk.html,7.7,8.9,7.4,7.4,8.2,7.8,8.7
595,butik-otel-ministerium.uk.html,8.8,9.4,8.5,8.4,8.4,8.4,8.8
596,villa-panama.uk.html,9.0,8.8,9.1,8.9,9.0,8.6,8.4
597,otiel-elita.uk.html,9.1,8.3,9.0,9.1,9.3,9.1,7.7
598,annabelle.uk.html,8.1,9.6,8.0,8.1,9.0,8.4,8.6
599,rauhvergher-profitable-house.uk.html,9.6,9.1,9.3,9.2,9.6,8.9,10.0
600,marinara.uk.html,8.2,7.4,7.5,7.5,8.0,8.0,8.0
601,il-decameron-clubhouse.uk.html,9.6,9.4,9.3,9.2,9.4,9.0,9.1
602,lermontovskiy.uk.html,9.1,9.1,8.4,8.4,9.0,8.3,8.9
603,monika-apart.uk.html,9.6,8.4,9.6,9.3,9.4,9.6,
604,kariatida.uk.html,9.8,9.6,9.4,9.4,9.7,9.3,8.5
605,shanhai-blues.uk.html,7.5,5.0,6.6,6.5,7.5,6.6,6.3
606,mini-otel-odesa.uk.html,9.3,9.5,9.0,8.9,9.3,9.1,10.0
607,gaudi-stylish.uk.html,9.1,8.4,8.4,8.4,9.1,8.3,8.4
608,frederic-koklen-boutique.uk.html,9.7,9.4,9.6,9.3,9.6,9.2,9.4
609,dd-d1-4d-nddegd.uk.html,6.8,7.4,6.6,6.5,7.2,6.6,6.0
610,villa-da-vinci.uk.html,8.3,8.7,8.4,8.5,9.0,8.8,8.5
611,ark-palace-apartment.uk.html,8.3,8.4,7.9,7.5,8.2,7.5,7.4
612,roza-vetrov.uk.html,7.8,6.9,7.7,7.4,8.4,7.7,
613,gostiniy-dvor-odessa.uk.html,7.9,9.3,7.5,7.6,7.9,7.6,6.9
614,michelle.uk.html,8.4,9.1,7.6,7.5,8.6,8.0,8.1
615,maner.uk.html,9.5,9.6,9.0,8.8,9.0,9.2,10.0
616,mini-dom.uk.html,8.6,8.1,8.7,8.7,9.1,8.2,8.0
617,asiya.uk.html,9.2,8.2,8.8,8.7,9.2,8.6,8.2
618,miradge.uk.html,8.4,9.6,8.5,8.3,9.0,8.0,7.5
619,gostinyi-dvor-dobrynia.uk.html,9.3,8.0,9.3,9.1,9.2,9.1,8.1
620,monroe.uk.html,8.8,9.1,8.7,8.4,8.9,8.7,10.0
621,iris-apartments.uk.html,9.9,9.8,9.8,9.7,9.8,9.6,9.8
622,de-versal.uk.html,9.0,9.6,8.7,8.4,8.1,8.5,9.0
623,dddc-dd.uk.html,9.6,9.4,9.3,9.2,9.4,9.1,8.8
624,rodina.uk.html,7.3,8.2,7.3,7.2,8.5,7.6,8.5
625,beehive.uk.html,9.1,8.4,8.9,8.7,9.2,8.9,9.0
626,maman.uk.html,9.1,9.8,9.0,8.8,9.2,9.0,8.8
627,odnokomnatnaia-kvartira-odesa123456789101112.uk.html,8.8,9.5,8.6,9.2,9.8,9.0,10.0
628,prominada.uk.html,9.4,8.8,9.4,9.3,9.6,8.8,8.2
629,odelana-apartments.uk.html,9.4,9.8,9.2,9.2,9.5,9.1,9.5
630,marenero.uk.html,8.8,7.2,8.1,8.2,8.7,7.6,7.8
631,tsientr-otdykha-mirnyi.uk.html,8.5,7.8,8.3,7.9,8.2,7.9,8.1
632,apartamenty-na-dvorianskaia.uk.html,9.7,10.0,10.0,9.7,9.7,9.7,
633,arkpalmira.uk.html,8.8,9.3,8.9,8.5,8.7,8.7,10.0
634,mezzanine-white.uk.html,8.7,9.6,8.8,8.5,9.2,8.7,
635,theatre.uk.html,8.2,9.4,7.8,8.0,8.7,7.9,7.3
636,dom-aktera.uk.html,9.4,8.5,9.1,9.2,9.4,8.8,9.7
637,aura-odessa.uk.html,9.3,9.2,8.9,9.0,9.4,8.6,9.6
638,genua.uk.html,9.6,9.5,9.5,9.3,9.5,9.4,8.8
639,provans-odesa.uk.html,9.9,9.7,9.8,9.8,9.9,9.6,10.0
640,odessa-villa.uk.html,9.1,9.3,9.0,8.7,9.6,9.2,
641,kak-doma-odessa.uk.html,7.9,9.5,7.8,7.7,8.8,8.0,8.6
642,butik-otiel-quot-dom-rabinovicha-quot.uk.html,8.9,9.6,8.9,8.6,9.0,8.8,8.9
643,butik-otel-chaikovskii.uk.html,9.3,9.7,9.1,8.7,9.1,8.6,9.5
644,queen-valery.uk.html,9.2,9.6,9.2,8.6,9.2,8.6,9.2
645,elitehouseodessa.uk.html,9.1,8.2,8.8,8.4,9.4,8.8,
646,henry-ford-mini.uk.html,9.6,7.6,9.4,9.2,9.4,9.2,8.8
647,dd3-4nnd-d1-2nd1-d-d3-4d1-4-dnd-d1-4d3-4nndod-d1.uk.html,8.6,9.2,8.7,8.4,8.7,8.6,8.2
648,khostel-uiutnyi-dvorik.uk.html,9.2,9.2,8.6,8.8,9.4,8.8,
649,azhur.uk.html,9.1,8.1,8.8,8.7,9.1,8.8,8.8
650,apart-quartet.uk.html,9.4,9.9,9.2,9.3,9.5,9.3,5.0
651,vechnye-tsennosti.uk.html,9.8,9.6,9.2,9.4,9.6,9.3,9.2
652,light-house-odesa.uk.html,8.3,7.8,7.1,7.6,8.6,7.9,
653,12-months-mini.uk.html,8.8,8.2,8.8,8.6,9.4,8.4,8.6
654,zeleny-kampus.uk.html,8.4,8.0,8.3,8.0,8.5,8.3,8.5
655,villa-pinia.uk.html,9.2,8.1,9.0,8.8,9.5,8.5,8.9
656,kadorr.uk.html,9.6,9.1,9.3,9.0,9.2,8.6,8.3
657,redling.uk.html,9.9,8.8,9.9,9.7,9.9,9.7,
658,spa-grand-marine.uk.html,9.4,8.3,9.2,8.9,9.0,8.2,7.8
659,maristella-marine-residence-odessa.uk.html,8.9,8.6,8.6,8.3,8.4,7.7,8.2
660,morskaia-zhemchuzhina.uk.html,7.6,8.6,7.9,7.7,7.9,7.8,
661,mini-in-odessa-yard.uk.html,9.3,9.6,8.8,8.8,9.0,9.1,8.8
662,orange-guest.uk.html,9.5,8.8,8.7,8.8,9.1,8.8,8.4
663,2kh-komnatnaia-kvartira-odesa12.uk.html,10.0,9.6,9.6,9.4,10.0,9.4,
664,london.uk.html,9.6,9.3,9.4,9.3,9.7,9.2,8.9
665,langeron-park.uk.html,9.5,10.0,8.8,8.8,9.3,9.3,
666,mini-na-lvovskoy.uk.html,9.4,7.6,9.2,9.0,9.1,8.5,8.8
667,apartamenty-uspenskaia-24.uk.html,8.5,9.3,8.6,8.1,7.9,8.8,
668,mini-gostinitsa-hostel.uk.html,7.7,5.8,6.8,6.7,7.2,7.8,10.0
669,otiel-om-shanti.uk.html,7.9,7.8,7.7,7.8,7.8,8.0,6.5
670,sky-apartments.uk.html,9.9,9.3,9.9,9.8,9.7,9.6,9.4
671,mini-hotel-wave.uk.html,8.8,9.7,8.6,8.5,9.4,8.6,8.3
672,otiel-tsvietok.uk.html,9.1,9.2,9.0,9.0,9.3,8.6,10.0
673,vzmor-ie.uk.html,6.9,8.7,6.5,6.7,7.9,7.1,4.2
674,nautilus-odessa.uk.html,8.4,8.9,8.3,8.5,9.1,8.5,8.1
675,korsar.uk.html,9.7,9.6,9.4,9.5,9.9,9.7,
676,strong-house.uk.html,6.5,8.8,6.0,6.4,7.6,6.7,7.8
677,mini-otel-luch.uk.html,9.6,9.1,9.7,9.7,9.6,9.7,10.0
678,dvorik-odessa.uk.html,9.7,8.9,9.6,9.5,9.7,9.5,7.1
679,gostinitsa-semeinogo-tipa.uk.html,8.5,8.2,7.8,8.1,9.4,8.4,
680,zakarpats-ka-kolyba.uk.html,8.5,8.4,8.5,8.2,8.7,8.5,9.3
681,princess.uk.html,8.2,7.5,7.6,7.4,7.9,7.1,7.1
682,apartamienty-v-arkadii.uk.html,9.3,9.5,9.6,9.6,9.6,9.3,10.0
683,sealine-apart.uk.html,8.6,9.4,8.7,8.6,9.0,8.8,
684,expresshotel-odiessa.uk.html,7.4,7.0,7.0,7.1,8.1,7.8,7.5
685,zolotoe-runo-odesa.uk.html,8.8,7.9,7.7,8.5,9.0,8.3,
686,vilari.uk.html,9.4,8.2,9.0,9.0,9.4,8.8,8.3
687,villa-de-palma-odesa1.uk.html,9.4,8.4,8.4,8.1,8.8,8.4,
688,villa-dacha.uk.html,9.7,9.1,9.5,9.5,9.7,9.4,10.0
689,katran.uk.html,8.2,8.8,7.5,8.2,8.9,7.4,7.5
690,osobnyak.uk.html,8.1,7.3,7.9,7.6,8.5,7.7,8.6
691,arcadia-blues.uk.html,7.0,7.3,8.0,8.2,9.1,7.3,10.0
692,genuez.uk.html,8.8,9.4,8.7,8.3,9.1,8.2,7.5
693,arcada-apartments.uk.html,9.7,9.4,9.6,9.6,9.4,9.4,10.0
694,shellman-apart.uk.html,8.5,8.6,8.5,8.6,9.2,8.6,8.9
695,zory-the-guesthouse-odesa1.uk.html,8.5,8.5,8.8,8.3,8.8,8.0,
696,tihaya-gavan.uk.html,8.6,8.4,8.5,8.3,9.1,8.0,7.5
697,economy-kombi.uk.html,6.6,8.1,6.7,6.6,7.7,8.0,6.8
698,sun-marine.uk.html,7.4,8.8,6.7,7.0,8.1,7.3,6.3
699,p-and-p.uk.html,9.7,8.4,9.4,9.4,9.5,9.3,9.5
